SYMBOL,FC,logFC,P.Value,adj.P.Val,AveExpr,t,B
Ahi1,1.593867739,0.672531918,1.17863E-47,3.51231E-45,12.18785633,14.83504436,97.4267654
Nap1l5,1.563496527,0.644776015,4.00423E-36,5.9663E-34,11.80121125,12.76464052,71.11755212
Meg3,1.740331172,0.799361867,5.51872E-33,5.48192E-31,16.03663142,12.14983559,64.00577776
Snhg11,1.803545185,0.850835568,7.24234E-30,5.39554E-28,15.33400065,11.51119726,56.90877097
Ttc3,1.32015028,0.400702169,1.487E-22,8.86255E-21,12.92826128,9.873320929,40.26524138
Fth1,-1.379938643,-0.464604121,6.70684E-21,3.33106E-19,11.49426877,-9.4679727,36.46538264
Peg3,1.353275696,0.436455782,1.66304E-18,7.07982E-17,11.86868244,8.851679498,31.05487053
Grin2a,-1.345771807,-0.428433803,5.31093E-17,1.97832E-15,10.98277476,-8.443671284,27.58391761
Rtn1,1.303623442,0.3825272,1.68403E-15,5.57601E-14,12.37396459,8.017670173,24.27666255
Tmx4,1.276826006,0.352561941,4.30902E-15,1.28409E-13,11.15077853,7.89824801,23.27593549
Zcchc18,1.277892626,0.35376662,5.41359E-15,1.46659E-13,11.11920256,7.868990366,23.04870865
Ly6h,1.294420186,0.372306011,7.88662E-15,1.95851E-13,11.7950357,7.820531368,22.73606613
Tmem130,1.254692307,0.32733361,1.91295E-14,4.38507E-13,10.80575615,7.705307424,21.78265548
Pcsk1n,1.289005774,0.366258727,4.54824E-14,9.68126E-13,12.00711082,7.591128114,21.03070845
Gprasp2,1.25885048,0.332106937,2.67676E-13,5.31783E-12,11.20424832,7.352387928,19.23411335
Srrm2,1.254658805,0.327295088,4.21926E-13,7.85838E-12,11.56881304,7.28993491,18.82221773
Ppp3ca,-1.263734905,-0.33769386,7.76593E-13,1.36132E-11,10.97269803,-7.205422883,18.17122503
Gnas,1.254190098,0.326756035,1.36288E-12,2.25633E-11,11.2967354,7.126693573,17.6511278
Nrxn1,1.251861539,0.324075003,1.61819E-12,2.538E-11,11.51605122,7.102498263,17.50314202
App,1.260107235,0.333546512,3.40954E-12,5.08022E-11,11.67515097,6.99658882,16.78682993
Tecr,1.239132454,0.309330409,6.33256E-12,8.9862E-11,11.12002528,6.907468307,16.13005979
Chn1,-1.240006476,-0.310347655,2.30151E-11,3.11749E-10,10.96793372,-6.718217971,14.85769956
Scg5,1.212301495,0.277748536,4.43415E-11,5.74512E-10,10.80117999,6.620136684,14.19874785
Gapdh,1.273970091,0.349331408,7.62283E-11,9.46502E-10,12.00405028,6.538077712,13.77605113
Atp1a3,1.222139756,0.289409272,1.34816E-10,1.60701E-09,11.81615889,6.450683885,13.20967684
Tro,1.220796495,0.287822726,1.85861E-10,2.13025E-09,11.31393654,6.400985868,12.85523619
Rsrp1,1.233045449,0.302225977,3.18513E-10,3.51544E-09,11.98983911,6.316802388,12.38354453
Rtn3,1.221773595,0.288976966,7.59309E-10,8.08122E-09,11.81380694,6.178808851,11.52788753
Atp1b1,1.257209931,0.330225574,1.30017E-09,1.33603E-08,12.5675987,6.091936119,11.03983278
Camk2n1,-1.213378299,-0.279029415,1.45511E-09,1.44541E-08,10.88229583,-6.073605231,10.80744963
Gm42418,1.246647858,0.318054003,1.52756E-09,1.46843E-08,14.5560215,6.065678548,10.92746574
Ddx24,1.193322525,0.25498402,1.88941E-09,1.75951E-08,11.02480289,6.030885804,10.56657129
Gprasp1,1.200272196,0.263361615,2.39407E-09,2.16192E-08,11.09863377,5.991922552,10.34532011
Rnpc3,1.201258541,0.264546688,6.14701E-09,5.38767E-08,11.21070015,5.834348976,9.443904811
Tcf25,1.196393348,0.258691794,7.63407E-09,6.49987E-08,11.18397419,5.797588932,9.23091412
Uchl1,1.183330102,0.242852585,1.54009E-08,1.27485E-07,10.92567597,5.677013406,8.520879152
Grin2b,-1.203941077,-0.267764786,1.92007E-08,1.54644E-07,11.44635449,-5.638636996,8.368142263
Nrxn3,1.217073056,0.283415769,2.44586E-08,1.91807E-07,11.56543107,5.596239475,8.141678673
Tubb2a,1.173097669,0.230323134,4.42478E-08,3.38099E-07,10.8119356,5.491124816,7.488014974
5330434G04Rik,1.205542271,0.269682238,4.72355E-08,3.51905E-07,11.69113357,5.479426028,7.515674
Gria4,1.18867843,0.24935848,7.69496E-08,5.59292E-07,10.93391936,5.39131715,6.965818851
Atp6v0c,1.205352327,0.269454911,7.92333E-08,5.62179E-07,11.63723887,5.385994812,7.012013044
Stmn3,1.197060453,0.259496012,9.57497E-08,6.63567E-07,11.32919223,5.351420785,6.80063287
Rab3a,1.176617783,0.234645746,9.97872E-08,6.75832E-07,10.94606823,5.343851546,6.715937197
Zwint,1.16763767,0.223592661,1.17065E-07,7.75229E-07,10.87823103,5.314494012,6.554659321
Tcf4,-1.22486231,-0.292619582,1.30739E-07,8.46964E-07,11.73648301,-5.294096086,6.539632296
Aplp2,1.171066158,0.227822582,1.51263E-07,9.59074E-07,10.96831688,5.267063107,6.316914381
Atp6v0b,1.166915105,0.222699607,1.91924E-07,1.19153E-06,12.05203545,5.222650828,6.188508793
Slc25a3,1.174262355,0.231754773,3.13517E-07,1.86879E-06,11.30798553,5.129995206,5.655592437
Hnrnpu,1.173613335,0.230957168,3.13555E-07,1.86879E-06,11.55258938,5.129972199,5.679534552
Actg1,1.17109863,0.227862585,3.7498E-07,2.19106E-06,11.01762843,5.095812974,5.447975659
Ndfip1,1.17520188,0.232908609,5.01896E-07,2.87625E-06,11.40676501,5.039697499,5.213322256
Mdh1,1.171109599,0.227876097,5.75233E-07,3.23433E-06,11.03932605,5.013248376,5.039141985
Epha5,1.203860376,0.267668078,6.29223E-07,3.47238E-06,11.73808871,4.995781009,5.024858611
Srsf11,1.156961873,0.210341322,7.42716E-07,4.02417E-06,12.09931965,4.963345045,4.890180611
Itm2b,1.169350582,0.225707528,1.01195E-06,5.38504E-06,11.19743171,4.902319709,4.517005148
Tspyl4,1.159563576,0.213581922,1.30452E-06,6.82013E-06,10.97343882,4.85169699,4.245040517
Ckb,1.15292444,0.205297966,1.65369E-06,8.49654E-06,10.8978586,4.803981453,4.009260503
Hspa8,1.181455938,0.240565826,1.90446E-06,9.61912E-06,11.58301993,4.775371166,3.950411696
Hsp90aa1,1.168462554,0.2246115,2.55322E-06,1.2681E-05,11.42992892,4.715462528,3.655577155
Celf2,-1.179785226,-0.238524249,4.90757E-06,2.39747E-05,11.53833678,-4.579382891,3.043981524
Srsf7,1.146200016,0.196858821,5.89722E-06,2.83447E-05,11.26892628,4.540462482,2.838895144
Tmem30a,1.141889008,0.191422426,7.065E-06,3.34186E-05,10.93207036,4.501887655,2.624363535
Prnp,1.141457783,0.190877503,7.31955E-06,3.40817E-05,10.80864213,4.494295329,2.577569417
Lsamp,1.163770994,0.218807194,1.06127E-05,4.86553E-05,12.04371567,4.413899179,2.34493472
C230004F18Rik,1.161066552,0.21545067,1.16497E-05,5.25999E-05,11.6546564,4.39351786,2.228010001
Mapk1,-1.132120739,-0.179027828,1.48019E-05,6.58353E-05,10.69820759,-4.340765011,1.894284841
Slc25a4,1.130909034,0.17748289,2.8996E-05,0.000125349,10.8466586,4.189469933,1.271972678
Ryr2,-1.136018299,-0.183986073,2.90237E-05,0.000125349,10.81269938,-4.189251561,1.266446867
Hsp90b1,1.137419231,0.185764102,3.10026E-05,0.000131982,10.95997387,4.174145824,1.221358471
Rps16,-1.129628131,-0.175847921,4.1857E-05,0.000175681,10.75388592,-4.104769156,0.912899023
Rbm39,1.124031424,0.168682369,4.93866E-05,0.000204406,12.31413456,4.066087701,0.901246746
Dlg2,1.13689752,0.185102216,7.45051E-05,0.000304144,11.46023971,3.968486201,0.452886645
Celf4,1.131208213,0.1778645,7.77353E-05,0.000313042,11.17575935,3.958290573,0.381345258
Ociad1,1.119656751,0.163056519,8.35232E-05,0.000331865,10.80871679,3.940985045,0.267822384
Mef2c,-1.141561681,-0.191008814,0.000112521,0.0004412,10.88273461,-3.868439624,-0.003647664
Prkacb,1.118248255,0.161240507,0.000127983,0.000495311,10.76613611,3.836721006,-0.137971019
Srrm1,1.115831025,0.15811857,0.000147548,0.00056371,10.78639912,3.801405519,-0.269769232
Psap,1.121303378,0.165176664,0.000151111,0.000570014,10.95815946,3.795453898,-0.27323884
Magi2,1.120836189,0.164575442,0.000188178,0.000700961,10.99371221,3.740343317,-0.474372193
Syt11,1.121583316,0.165536794,0.000190788,0.000701911,11.19285029,3.736858553,-0.460250388
Dnm3,1.122874572,0.167196784,0.000205898,0.000748265,11.0155113,3.717526529,-0.555730391
Aldoa,1.125031887,0.169965893,0.000222789,0.000798504,11.10954838,3.697436466,-0.616478947
Selenow,-1.11578663,-0.158061169,0.000225082,0.000798504,10.81457064,-3.694820096,-0.664242973
Atp2b1,-1.130368339,-0.176792962,0.000264188,0.000926213,11.07028477,-3.653674655,-0.77771686
Rpl13,-1.119792632,-0.163231592,0.000326861,0.001132612,11.35064353,-3.598363801,-0.943015095
Ubb,1.130761981,0.177295283,0.000337425,0.001155778,11.58005423,3.590035133,-0.952191953
Negr1,1.122192152,0.166319729,0.000381118,0.001290605,11.02490237,3.557994499,-1.129722398
Pcm1,1.106257043,0.14568664,0.00039421,0.001319938,10.76943321,3.549063037,-1.19089662
Snhg20,1.115306035,0.157439634,0.000432463,0.001431932,11.10059907,3.524469972,-1.236829963
Gpm6a,1.115667651,0.157907324,0.00051152,0.001675087,11.23922936,3.47950218,-1.374908415
Hnrnpa2b1,1.111762421,0.152848524,0.000567795,0.001839162,11.26808531,3.451290239,-1.468445551
Arl6ip1,1.110162643,0.150771052,0.00061612,0.001974234,10.88633775,3.429071908,-1.593955294
Gria1,-1.134797751,-0.182435197,0.000644681,0.002043777,11.53481117,-3.416691869,-1.556395606
Ttc14,-1.111642804,-0.152693291,0.000671007,0.002104843,11.54800438,-3.405724875,-1.592386387
Gsk3b,1.107628558,0.147474157,0.00073678,0.002287087,11.0639003,3.379982292,-1.73645242
Mycbp2,1.107447148,0.147237849,0.00075436,0.002317519,11.86935521,3.373463705,-1.675257716
Mapt,1.103506728,0.142095426,0.000824675,0.002493978,11.01837628,3.348729702,-1.847161641
Atrx,-1.1048824,-0.143892822,0.000828536,0.002493978,10.97197685,-3.347428794,-1.85523561
Gng3,1.100646598,0.138351315,0.000936253,0.002790033,10.76143855,3.313236699,-1.994519551
Slc22a17,1.105188473,0.14429242,0.000993415,0.002931065,11.0697522,3.296548339,-2.011821167
Snap25,1.102663013,0.140991954,0.001356804,0.003963995,12.04081999,3.207539718,-2.204724916
Lrrc7,-1.109103612,-0.149394147,0.00160032,0.004630052,11.23759262,-3.159541953,-2.426002775
Cadm2,-1.125207652,-0.170191269,0.001788474,0.005124666,11.80924899,-3.126867334,-2.472927665
Tcaf1,1.091032617,0.125694233,0.002011229,0.005708059,10.78969578,3.092045222,-2.695425337
Zranb2,1.102391097,0.140636142,0.002241113,0.006300487,11.48917764,3.059642319,-2.709462617
Dlgap2,-1.105119788,-0.144202758,0.00237813,0.006623203,11.11416832,-3.041751607,-2.804006321
Rab3c,1.102904719,0.141308161,0.002422571,0.006684501,11.00147657,3.036151446,-2.840074394
Tspan7,1.093240042,0.128610207,0.002958357,0.008087986,10.89945523,2.97515268,-3.035726699
Map2k4,1.087526812,0.12105097,0.00300077,0.008129358,10.74469158,2.970766798,-3.064638195
Kif21a,1.09812414,0.135041156,0.003181804,0.008542141,11.43767641,2.952660187,-3.03386657
Nsf,-1.088198178,-0.121941318,0.00354414,0.009429945,10.78058714,-2.919079361,-3.214283474
Caly,1.091691494,0.126565216,0.003784723,0.009980951,10.94566774,2.898470033,-3.253539865
Rpl9-ps6,-1.089311495,-0.123416561,0.004024999,0.010521489,10.78310206,-2.879043489,-3.329371284
Sst,-1.216427404,-0.282650223,0.00408426,0.01058356,12.23387484,-2.874414504,-3.197721701
Atp5a1,1.082696097,0.114628348,0.004773463,0.012262862,10.72524318,2.824637178,-3.487335469
Hsp90ab1,1.105842677,0.145146155,0.004871405,0.01240751,11.93638337,2.818099941,-3.375966949
Grina,1.086048994,0.119089188,0.005233997,0.013217552,10.95277705,2.794890698,-3.545557662
Rps8,-1.093459424,-0.128899687,0.005314215,0.013217552,11.39048635,-2.789953082,-3.50096592
Stmn2,1.090667443,0.125211275,0.005322504,0.013217552,10.94212749,2.789446734,-3.562096824
Syn2,1.090673693,0.125219541,0.006103455,0.01503165,11.26115726,2.744665346,-3.641814523
Macf1,1.086808445,0.120097681,0.006871201,0.016783754,11.17772212,2.705420047,-3.758284881
Matr3,1.081856597,0.113509279,0.007893292,0.019041779,11.10959671,2.658885833,-3.891245111
Scn1a,1.08422841,0.116668715,0.007923425,0.019041779,10.933105,2.657597885,-3.920233362
Pnisr,1.087566191,0.121103209,0.008122909,0.019365016,11.44647297,2.649180304,-3.877041145
Ank2,1.083868231,0.116189374,0.009690431,0.022812299,11.76754599,2.588808287,-4.004393528
Oaz1,1.077267492,0.107376524,0.00972202,0.022812299,10.7940572,2.587684028,-4.118373172
Clk1,1.076300352,0.106080733,0.010326079,0.023972666,10.71716398,2.566789158,-4.17899475
Tnik,-1.078843467,-0.109485554,0.010377429,0.023972666,10.76322936,-2.565063523,-4.180925378
Thy1,1.07842053,0.108919867,0.011145405,0.025440701,10.85641947,2.540123036,-4.233139517
Ypel3,-1.075861742,-0.10549269,0.011183664,0.025440701,10.84277017,-2.538920967,-4.238249896
Ank3,1.080599816,0.111832342,0.012138818,0.0274043,11.09032673,2.510034983,-4.276251924
Rbfox1,1.087755499,0.12135431,0.012296571,0.027551716,11.30485699,2.505459565,-4.260472567
Snrnp70,1.080848806,0.112164726,0.012921813,0.02873657,11.44737808,2.487822316,-4.2887528
Luc7l2,1.075206902,0.104614304,0.01376925,0.030394344,12.3882829,2.465086026,-4.277514965
Phf20l1,-1.078915529,-0.109581917,0.016071124,0.035214669,11.14914326,-2.409042539,-4.512932437
H3f3b,1.071101785,0.099095584,0.016326571,0.035513272,10.77429953,2.403267145,-4.578106695
Clcn3,1.069965758,0.097564627,0.019555494,0.04222853,10.93661116,2.336376796,-4.717349926
Atp5b,1.067069092,0.093653593,0.021718709,0.046562412,10.8092507,2.296787383,-4.823709178
Malat1,1.079385114,0.110209696,0.022310436,0.047489356,17.35507562,2.28655832,-4.562023677
Csmd1,1.081517086,0.113056458,0.022754489,0.048091047,11.38566112,2.279035987,-4.78992786
Ptprd,1.089219179,0.123294291,0.023734135,0.049808254,11.05176502,2.26288176,-4.868916345
Syt1,1.079741652,0.110686162,0.026710665,0.055662785,13.16181722,2.217117929,-4.834548509
Map1b,1.0756506,0.105209528,0.027077883,0.056036175,11.81376476,2.211781955,-4.899925909
Tra2a,1.070280508,0.09798896,0.027446898,0.056408108,11.30133159,2.206482462,-4.961081927
Ttll7,1.065531822,0.091573679,0.028697066,0.058431326,10.77605269,2.188974146,-5.067542912
Rps5,-1.06536987,-0.091354386,0.028823507,0.058431326,10.70463027,-2.187240199,-5.079339722
AC149090.1,1.076948113,0.106948744,0.029206519,0.058807721,11.28142231,2.182027443,-5.016788285
Dst,1.064222506,0.089799819,0.030427555,0.06085511,10.73546935,2.165793122,-5.121626219
Nptn,1.068360532,0.095398586,0.032417885,0.064395663,11.31795727,2.140492917,-5.101747263
Ube2b,1.062948214,0.088071312,0.032630017,0.064395663,10.83202503,2.137875597,-5.171959348
Sf3b1,1.066768161,0.093246672,0.035562647,0.069721505,11.20997808,2.103108566,-5.193718822
Vamp2,1.060693155,0.085007363,0.038389463,0.074771633,10.80435158,2.071840624,-5.313324462
Fus,1.066291115,0.092601372,0.038938868,0.075349238,11.45640807,2.065992372,-5.24268924
Chl1,-1.067511714,-0.094251901,0.039557595,0.076052666,10.90005241,-2.059489599,-5.326771625
Ube3a,1.061373538,0.085932485,0.045824469,0.087536486,10.94609271,1.998069763,-5.445519566
Kif5c,1.05723308,0.080293472,0.046753575,0.088742454,10.7277281,1.989577241,-5.486718965